ACSS | ACSS - ADMINISTRAȃO CENTRAL DO SISTEMA DE SAۄE I.P.
ASAE | ASAE
CEGER | CEGER
CHALTOMINHO | CENTRO HOSPITALAR DO ALTO MINHO EPE
CMBRAGANCA | CAMARA MUNICIPAL BRAGANCA
CML | CML
CMLAGOS | CAMARA MUNICIPAL DE LAGOS
DGITA | MF-DIR.GER.INF.APOIO S.TRIBUTARIOS ADUANEIROS 
EMEL | EMEL-EMPRESA MUNICIPAL DE ESTACIONAMENTO DE LISBOA, E.M.
FCCN | FUND.COMPU.CIENT NACIONAL-FCCN
HNSROSARIO | HOSPITAL DE NOSSA SENHORA DO ROSARIO EPE
HTROFA | HOSPITAL DA TROFA SA
IDP | INSTITUTO NACIONAL DO DESPORTO
IIESS | IIES-INST.INFORMICA ESTATΓTICA SOLIDARIEDADE
INCMOEDA | IMPRENSA NACIONAL CASA MOEDA* 
INEM | INSTITUTO NACIONAL EMERGENCIA MEDICA
ITIJ | INSTITUTO TECNOLOGIAS E INFORMAȃO DA JUSTIȁ
DGAE | MJ DIRECȃO GERAL ADMINISTRAȃO EXTRAJUDICIAL
DGRS | MJ DIRECȃO GERAL DE REINSERȃO SOCIAL
DGSP | D.G.S.P. DIRECȃO-GERAL DOS SERVIȏS PRISIONAIS
INML | INSTITUTO NACIONAL MEDICINA LEGAL
IRN | INSTITUTO DOS REGISTOS E NOTARIADO
PJ | MJ-POLICIA JUDICIARIA-DIR.GERAL
IFAP | IFAP-IFAP - REDE CIRCUITOS MULTINET (SG)
IGESPAR | "IPPAR-INSTITUTO PORT.PATRIMONIO ARQUITECTONICO; INSTITUTO PORTUGUES DE ARQUEOLOGIA "
MAOTDR | "MAOTDR - FDR - OBSERVATORIO QREN III; IGP-PROJECTO MARʇRAFOS"
MNE | MNE-MIN.NEGOCIOS ESTRANGEIROS
PSP | MAI-PSP-COMANDO GERAL 
IGAOT | IGA-INSPECȃO GERAL AMBIENTE
IMETEOROLOGIA | INSTITUTO DE METEOROLOGIA
API | "ICEP-INVEST.COM.TURISMO PORTUGAL;  AGˎCIA PORTUGUESA INVESTIMENTO EPE"
IAPMEI | REDE ADSL BIT STREAM
ME | ME-MINISTERIO EDUCACAO 
IGCP | INSTITUTO DE GESTAO DO CREDITO PUBLICO
SSAP | MF SERVIȏS SOCIAIS ADMINISTRAȃO PUBLICA
FORMAR | FORPESCAS
IPTM | MOPTH*IPTM*INSTITUTO PORTUIO*TRANSPORTES MARITIMOS 
EP | IEP-INSTITUTO*ESTRADAS*PORTUGAL
IGFSE | IGFSE
PORTALEGREDD | ASSOCIAȃO PORTALEGRE DISTRITO DIGITAL
SMASALMADA | SERV.MUNICIP.AGUA SANEAMENTO ALMADA
UNL | UNIVERSIDADE NOVA LISBOA-REITORIA
UNIVABERTA | UNIVERSIDADE ABERTA
BANCO BIC | BANCO BIC PORTUGUES SA
BINVEST | BANCO INVEST SA
COSEC | COSEC, SA
GRUPO AXA | EQUANT-AXA
BANIF | BANIF*
BANIF-INVEST | BANIF-BANCO DE INVESTIMENTO SA
CSACOREANA | COMPANHIA SEGUROS A?OREANA*
ESPIRITO SANTO SAUDE | ESPIRITO SANTO SAۄE* OR DMI*DIAGNԓTICO MʄICO INTEGRAL* OR CLIRIA-HOSPITAL PRIVADO*AVEIRO* OR HOSPITAL*MISERICORDIA*ʖORA 
OPWAY | OPWAY ENGENHARIA SA
QUEIJO SALOIO | QUEIJO SALOIO-INDUST LACTICINIOS* 
ES CALL CENTERS | ES CONTACT CENTER - GESTď DE CALL CENTERS, S.A.
TRANQ | *TRANQUILIDADE* 
CCAMA | CAIXA CREDITO AGRICOLA MUTUO ACORES 
ACALENTEJO | AGUAS DO CENTRO ALENTEJO S A
AENOR | LUSOSCUT COSTA PRATA* OR LUSOSCUT AUTO ESTRADAS DAS BEIRAS LITORAL E ALTA* OR OPERADORA LUSOSCUT BLA-OP.MAN.AUTO-ESTRADAS* OR OPERANOR-OPER.MANUT.AUTO-ESTRADAS* 
ARIBATEJO | 
AUCHAN | COMPANHIA PORTUGUESA HIPERMERCADOS
CAIXABI | CAIXA - BANCO DE INVESTIMENTO S.A.
FCCB | FUNDAȃO DO CENTRO CULTURAL DE BELʍ
GALILEO;GALILEO PORTUGAL, LTD;
GALP | GALP ENOVA-TECNOLOGIAS*
GCT | GCT -DISTRIBUIȃO ALIMENTAR* 
LOGICA | LOGICA TI PORTUGAL, SA
REPSOL | SHELL PORTUGUESA*
LFP | LOJAS FRANCAS PORTUGAL, SA
SAPA | SAPA PORTUGAL EXTRUSAO DISTRIBUICAO ALUMINIO, SA
SBSI | SINDICATO BANCARIOS SUL ILHAS
SCML | SANTA CASA MISERIC LISBOA - PORTAL JOGOS
SCMP | SANTA CASA DA MISERICԒDIA DO PORTO
SHELL | SHELL PORTUGAL B2B, SA
NSN;GRUPO SIEMENS;
TELEPOST | TELEPOST-SERVIȏS DE CORREIO ELECTONICO POSTAL SA
TAP | TAP-TRANSP.AEREOS PORTUGUESES
ABN | ABN AMRO BANK, N.V.
ABRANTINA;ABRANTINA;
ACCENTURE | ACCENTURE CONSULTORES GESTď SA
ACENTRO | UAS DO CENTRO S.A
ADECCO | ADECCO-RECURSOS HUMANOS, LDA
ADMITUR | ADMITUR ADMINISTRAȃO APARTAMENTOS TURISTICOS LDA
AGROS | AGROS-UCPLEDMTM, UCRL
AGUASVIMEIRO | EMPRESA AGUAS VIMEIRO LDA
AIRCNET | ASSOCIACAO INFORMATICA DA REGIAO CENTRO
ALLIANCE;ALL UNICHEM;
ALLIANZ | COMPANHIA DE SEGUROS ALLIANZ PORTUGAL, SA
AMADEUS | TELEFONICA WHOLESALE (AMADEUS) SA
AML | AGUAS DO MINHO E LIMA SA
AMORIM | AMORIM-SERVICOS GESTAO, SA
ARA;ARA;"ARA PORTUGUESA FRICA DE CALȁDO LDA; GRANIT SCHUH PORTUGUESA FABRICA DE CALȁDO LDA"
ASANTO | A SANTO EMPREENDIMENTOS INDUSTRIAIS E TURISTICOS SA
ATEC | ATEC-ACADEMIA DE FORMAȃO
ATMAD | UAS DE TR-OS-MONTES E ALTO DOURO SA
AUTOZITANIA | AUTOZITÎIA - ACESSORIOS E SOBRESSALENTES, LDA
AUTOJARDIM;AUTO JARDIM ALGARVE;AUTO JARDIM ALGARVE-AUTOMOVEIS ALUGUER, SA
AVIBOM | AVIBOM AVICOLA* 
AVILUDO | AVILUDO-IND.C.P.ALIMENTARES, SA
AVIPRONTO | AVIPRONTO PRODUTOS ALIMENTARES SA
BARBOT;BARBOT;BARBOT - IND. TINTAS, SA
BARCLAYS | 
BARRAQUEIRO | BARRAQUEIRO TRANSPORTES, SA
BASTOSVIEGAS | BASTOS VIEGAS, S.A.
BAVIDRO | BA VIDRO SA
BBAI | BANCO BAI EUROPA, SA.
BEIRARIO | BEIRA RIO-COM.& IND.AUTOMOVEIS, LDA
BETECNA;BETECNA;"BETECNA-BETAO PRONTO, LDA; SOC.B.CALC.CARAPINHA ALENQUER, LDA"
BIG | BANCO DE INVESTIMENTO GLOBAL* 
BOEHRINGER | BOEHRINGER INGELHEIM LDA
CABELTE | CABELTE CABOS ELʃTRICOS TELEFԎICOS
CAP | CAP-CONFEDERACAO AGRICULTORES PORTUGAL
CARCLASSE | CARCLASSE COMERCIO AUTOMOVEIS SA
CARRIER | CARRIER PORTUGAL AR CONDICIONADO LDA
CCCURBANOS | CCC TRANSPORTES URBANOS LDA
CCDRN | COMISSď COORD. DESENV. REGIONAL NORTE
CELBI | "CELULOSE BEIRA INDUSTRIAL (CELBI) SA; CAIMA - INDۓTRIA DE CELULOSE S.A."
CENFIM | CENFIM-CENT.FORM.PROF.IND.METALURGICA
CEPSA | CEPSA PORTUGUESA PETROLEOS SA
CETELEM;CETELEM;BANCO CETELEM S.A.
CHARLES | CHRISTIAN-SAPATARIAS, SA
CHRONOPOST | CHRONOPOST PORTUGAL - TRANSPORTE EXPRESSO INTERNACIONAL S.A.
CICLORAMA;VISABEIRA;"PTC - PROJECTOS DE TELECOMUNICAȕES, AS; CICLORAMA-ESTUDOS,PROJECTOS E PRODUCOES, LDA"
CIN;CIN;CIN CORPORAȁO INDUSTRIAL NORTE SA
CINCA | CINCA-COMP.INDUSTRIAL CERAMICA, SA
CITROEN | AUTOMOVEIS CITROEN, SA
CLAMPADAS | CASA LAMPADAS
CMSINTRA | CAMARA MUNICIPAL SINTRA
CODIFAR;UDIFAR;CODIFAR
COFANOR | COFANOR COOP.FARMACEUTICOS NORTE, CRL
CONFAGRI | CONFAGRI CONFEDERACAO NACIONAL DAS COOPERATIVAS AGRICOLAS DE PORTUGAL CCRL
COOPLECNORTE;LECLERC;COOPLECNORTE
CORDEX | CORDEX, SA
COSMOS | COSMOS-VIAGENS TURISMO, SA
COTESI | COTESI-COMPANHIA TEXTEIS SINTETICOS, SA
CREDIIC | CREDIIC-INFORMAȃO E GESTď CRʄITOS, LDA
CRH | CRH CONSULTORIA VALORIZAȃO RECURSOS HUMANOS LDA
CSANJOSE | CONSTRUCTORA SAN JOSɠSA
CTAMEGA | CONSTRUTORA TAMEGA, SA
DANONE | DANONE PORTUGAL SA
DCB | DCB-COMPONENTES E CALȁDO* OR ILPE IBERICA-POLIURETANOS* OR GLOVAR INDUSTRIA CALCADO*
DDB | DDB-LISBOA PUBLICIDADE LDA
DECATHLON | SPDAD-SOC.PORT.PROD.DIST.ART.DESP.LD
DIA | DIA PORTUGAL-SUPERMERCADOS, SA
DILOP;DILOP;"DILOP-PRODUTOS ALIMENTARES, AS; SAPROPOR PRODUTOS ALIMENTARES AS"
DLS;FORNORDE;"FORNORDE-IMPORTAȃO EXPORTAȃO, LDA; DESICOR-INDUSTRIA MADEIRAS CORTICAS, LDA; DEBORLA COMʒCIO GERAL LDA; DLS - PROJECTOS, AUTOMAȃO E MANUTENȃO, LDʢ
DOCAPESCA | DOCAPESCA-PORTOS LOTAS, SA
DYRUP | TINTAS DYRUP, SA
EASYQUICK | EASY QUICK - GESTď DE SISTEMAS DE PAGAMENTOS SA
ECHIRON | "E-CHIRON GESTAO DE APLICACOES DE SOFTWARE SA; A.M.PEREIRA, S.LEAL, O.MARTINS, JۄICE ASSOCIADOS"
ECOVILLAGE | ECOVILLAGE-INVESTIMENTOS TURISTICOS
EDISOFT | EDISOFT EMPRESA DE SERVIȏS E DESENVOLVIMENTO DE SOFTWARE, SA
EDUCA | EDUCA EMPRESA MUNICIPAL GESTď MANUTENȃO EQUIPAMENTOS EDUCATIVOS EINTRA EM
EFACEC | EFACEC SISTEMAS DE GESTď SA
EIP | EIP ELECTRICIDADE INDUSTRIAL PORTUGUESA SA
ELPOR | ELPOR-COM.INDUSTRIAS ELECTRICAS, LDA
ENAVAISVC | ESTALEIROS NAVAIS VIANA CASTELO, SA
ESTORILSOL | ESTORIL SOL III - TURISMO  ANIMAȁO
EUROFRUTAS | EUROFRUTAS-SOC.FRUTAS, SA
EUROCABOS | EUROCABOS CONDUTORES ELECTRICOS DE  TECNOLOGIA AVANCADO SA
EUROPCAR | T-SYSTEMS INTERNATIONAL GMBH - EUROPCAR
EXEL | EXEL LOGISTICS (PORTUGAL), LDA
FANAFEL | FANAFEL-FELTROS INDUSTRIAIS, LDA
FERPINTA | "GESFERPINTA*;FERRO ENTRONCAMENTO*;FERRO FUNCHAL*;FERROTUBAL*;FERRO MANGUALDE*;FERPINTA*;FERROMAR* "
FILOBRANCA | FABRICA MALHAS FILOBRANCA
FINCOR | FINCOR SOCIEDADE CORRETORA, SA
FLADGATE;TAYLOR;
FLORENCIOSILVA | TRANSPORTES FLORENCIO & SILVA S.A.
FNAC | "SOCIEDADE DISTRIB.LIVROS, DISCOS E MULTIMEDIA,LDA; FNAC PORTUGAL-ACTIV. C.D. LIVROS,DISCOS,M. P. ,LDA"
FPF | FEDERAȃO PORTUGUESA DE FUTEBOL
FRAMADA;F. RAMADA;F.RAMADA ACOS & INDUSTRIAS, SA
FRANSMAAS | DSV TRANSITIOS LDA
FROMAGERIES | FROMAGERIES BEL PORTUGAL, S.A.
FSILVA;FERSIL;
GASIN | GASIN GASES INDUSTRIAIS SA
GENERG | GENERG-SERVIȏS DE ENGENHARIA E GESTď SOCIEDADE UNIPESSOAL LDA
GLOBALSEGUROS | GLOBAL-COMPANHIA SEGUROS, SA
GNOTICIAS | GLOBAL NOTICIAS*
GROUPAMA | GROUPAMA SEGUROS DE VIDA, SA
GRUPOPESTANA | "GRUPO PESTANA POUSADAS - INVESTIMENTO; M & J PESTANA SOC TURISMO MADEIRA SA"
GUESTCENTRIC | GUESTCENTRIC SYSTEMS, SA
HIPOGEST;HIPOGEST;"HERTZ; HR-ALUGUER DE AUTOMԖEIS, SA; GARAGEM VITORIA AUTOMOVEIS, LDA, FACILCAR*; IBERPEȁS SOBRESSALENTES*; ITALSADO AUTOMԖEIS SA;AGENCIA COMERCIO AGRO INDUSTRIAL LDA"
HSMARIA | HOSPITAL DE SANTA MARIA EPE
HUF;FICOSA;HUF PORTUGUESA-FABRICA COMPONENTES AUTOMOVEL,LDA
HUSSEL | JERԎIMO MARTINS - RESTAURAȃO E SERVIȏS SA
IFB | INSTITUTO FORMAȃO BANCARIA
INATEL | INATEL-INST.NAC.APROV.TEM.LIV.TRAB.
INCOVECA | INCOVECA GRANITOS
INFORMADB | INFORMA D&B (SERVIȏS DE GESTď DE EMPRESAS) - SOCIEDADE UNIPESSOAL LDA
IVILANOVA;IRMďS VILA NOVA;"IRMAOS VILA NOVA, AS; "
JAGUARAUTO | JAGUAR AUTOMOVEIS, SA
JAYMECOSTA | JAYME DA COSTA MECÎICA E ELECTRICIDADE, SA
JOAODEUS | JOAO DEUS & FILHOS SA
KUHNENAGEL | K݈NE +  NAGEL LDA
LACTOGAL;LACTOGAL;"LACTOGAL-PRODUTOS ALIMENTARES, AS; ETANOR/PENHA PROD.ALIMENTAR CONSULTORIA TECNICA S; LACTICINIOS VIGOR, AS; PROLEITE-COOP.AGR.PROD.L.CEN.L., CRL"
LEROY;LEROY MERLIN;"BRICODIS-DISTRIBUIȁO DE BRICOLAGE, AS; LEROY MERLIN AS"
LIDL | LIDL & CIA
LOGIC | 
LOGISTICA | FCC LOGISTICA PORTUGAL, SA
LSIMOES | LS GESTď EMPRESARIAL E IMOBILIIA, SA
MADRAGOA;MEDEIA-MADRAGOA;"MADRAGOA FILMES; MADRAGOA FILMES-SOC.PROD.FILMES; MEDEIA FILMES, AS"
MAKRO | "MAKRO CASH & CARRY PORTUGAL, AS; MAKRO CASH & CARRY, AS"
MAROPE | MAROPE LISBOA - HOTʉS DE PORTUGAL S.A.
MARQUESSOARES | MARQUES SOARES SA
MARTOLAR | MARTOLAR-MATERIAIS CONSTRUȁO LDA
MCAPITAL | MED CAP TECHOLOGIES SA
MCARVALHO | MANUEL CARVALHO SA
MCDONALDS | SISTEMAS MCDONALD'S  PORTUGAL
MCOUTINHO | "M. COUTINHO SGPS SA.; SANTANA & COMPANHIA, S.A."
MEDICINALIA;MEDICINALIA;MEDICINALIA SOCIEDADE EQUIPAMENTOS HOSPITALARES SA
MER;DAIMLERCRHYSLER A40;MERCEDES-BENZ PORTUGAL, LDA
MESTREMACO | MESTRE MACO SA
MITSUBISHI | AUTO MECANICA ALCAMBAR FUNDAO* OR RIA TRANSPORTES* OR MITSUBISHI MOTORS PORTUGAL* OR SABRA* 
MONIZMAIA | MONIZ DA MAIA,SERRA & FORTUNATO-EMPREITEIROS,SA
MOTAENGIL;GRUPO MOTA ENGIL;
MOURASTOCK | MOURASTOCK INVESTIMENTOS TURISTICOS E HOTELEIROS S A
MOVICORTES;MOVICORTES;MOVICORTES-SERVIȏS GESTď, LDA
MOVIFLOR;MOVIFLOR;"MOVIFLOR 2 COMERCIO DE MOVEIS E ELECTRODOMESTICOS; MOVIFLOR 4 COMʒCIO DE MOBILIIO AS; MOVIFLOR 3 COMʒCIO MOBILIIO AS; MOVIFLOR 5 MԖEIS E DECORAȕES, AS; MOVIFLOR 6-COMERCIO DE MOBILIARIO, AS; MOVIFLOR 7 COMʒCIO DE MOBILIIO, AS"
MRGOUVEIA | MANUEL RODRIGUES GOUVEIA SA
MTAVIRA | MUNICIPIO DE TAVIRA
MULTIOPTICAS | MULTIOPTICAS
MUNDICENTER;MUNDICENTER;"MUNDICENTER CONSULTORIA E SERVIȏS, AS; MUNDICENTER II-GESTď ESPAȏS COMERCIAIS, AS; (C) LISCENTER-CENTROS COM.LISBOA,LDA.;MUNDICENTER-SGPS, S.A,"
NATURA | NATURA INVICTA IMPORTACAO EXPORTACAO BRINDES LDA
NAV | EMPRESA PUBLICA NAV.AEREA PORTUGAL*NAV*
NESTLE | NESTLE
NMC | NMC - CENTRO MEDICO NACIONAL, S.A.
NORCAR;EVICAR;"NORCAR - COM. INDUST. AUTOMOVEL, LDA.; SOCARVIL-SOCIEDADE AUTOMOVEIS VISEU, LDA; SCHMITZ CARGOBULL PORTUGAL, UNIPESSOAL LDA"
NUCASE | NUCASE - CONTABILIDADE ASSISTENCIA FISCAL, LDA
OFFICESHARE | "EDIMPRESA - EDITORA, LDA; SOJORNAL SOCIEDADE JORNALΓTICA E EDITORIAL SA"
OREY | "SADOMATITIMA-AG.NAV.TRANSITOS,LDA; OREY COMERCIO E NAVEGAÇÃO, AS"
OSOL | O SOL ESSENCIAL
PAMARELAS | PAGINAS AMARELAS , SA
PANIKE | PANIKE INDUSTRIA PRODUTOS ALIMENTARES CONGELADOS SA
PEUGEOT | PEUGEOT PORTUGAL AUTOMOVEIS, SA
PHONEHOUSE | CARPHONE WAREHOUSE
PINTOCRUZ | PINTO & CRUZ
PORTOEDITORA;PORTO EDITORA;"PORTO EDITORA, LDA; BLOCO GRICO, LDA.; LIVRARIA ARNADO, LDA; AREAL EDITORES, LDA"
PRESSLIVRE;INVESTEC/COFINA;"INVESTEC/COFINA EDISPORT-SOC.PUBLIC.DESPORTIVAS, AS; EDIREVISTAS SOCIEDADE EDITORIAL S.A;MEDIAFIN - SOCIEDADE EDITORA LDA; PRESSELIVRE-IMPRENSA LIVRE, AS"
PRICEWATER | PRICEWATHERHOUSECOOPERS AUDITORES E CONSULTORES LDA
PRIMEDRINKS | PRIMEDRINKS-COMERCIALIZAȃO BEBIDAS ALCOԌICAS E PROD. ALIMENTARES, SA
PROSEGUR | PROSEGUR-COMPANHIA SEGURANCA, LDA
PTCOM | PT.COM
PTCONTACT | PT CONTACT TELEMARKETING E SERVIȏS INFORMAȃO SA
PTINOV | PT INOVAÇÃO SA
PURATOS | PURATOS*
RANGEL;RANGEL;RANGEL TRANSITARIOS, SA
REDITUS | REDITUS II - TELECOMUNICAȕES SA
RELOPA | RELOPA-ELECT.TERMICA VENTILAȃO,S.A.
RENAULTCHELAS | RENAULT CHELAS, LDA
RENAULTNET | "CMC IN2 SOCIEDADE DE COMERCIALIZAȃO DE EQUIPAMENTOS INFORMICOS AS; MERCAR SOCI PORTUGUESA COME REPARA AUTOMOVEIS LDA; AUTO SOG COMERC ACES AUTOMOVEIS; RENAULT PORTUGUESA, AS"
RESOPRE | RESOPRE SOCIEDADE REVENDEDORA APARELHOS PRECISAO SA
REVIGRES | REVIGRES-INDUSTRIA REVESTIMENTOS GRES, LDA
RICON | "DELVESTE COMERCIO DE VESTUARIO SA; DECʎIO-CONCEPȃO E DISTRIBUIȃO DE MODA, SA; DELOS FRADELOS CONFECCOES LDA; RICON SERVIȏS SERVIȏS PARTILHADOS DE GESTď SA; DELCON INDUSTRIA CONFECCOES LDA"
RIG | PT-SGPS,SA
RIGOR | RIGOR CONSULTORIA E GESTď SA
RNA | RNA- REDE NACIONAL DE ASSISTˎCIA SA
RNEEXPRESSOS | RNE - REDE NACIONAL DE EXPRESSOS
ROLEAR | ROLEAR AUTOMATIZACOES ESTUDOS REPRESENTAȕES SA
SAGE | SAGE PORTUGAL - SOFTWARE, SA
SALTITUDE | SOCIEDADE ALTITUDE SOFTWARE - SISTEMAS E SERVIȏS SA
SAMECA | SAMECA-INVESTIMENTOS GESTď, SA
SANTOGAL;SANTOGAL;NACIONALCAR*
SCHNEIDER | SCHNEIDER ELECTRIC PORTUGAL APARELHAGEM ELʃTRICA LDA
SECIL | "SECIL MARTINGANCA-AGLOM.P/CONSTR.LDA; SECIL PREBETAO-PREFABRICADOS BETAO, AS; SECIL COMPANHIA GERAL CAL CIMENTO AS; SECIL BRITAS, AS; SECIL BETď INDUSTRIAS BETď AS; LISCONCRETO BETď PRONTO, AS; UNIBETď-IND.BETď PREPARADO, LDA; BETOPAL-BETOES PREPARAD"
SECURITAS | SECURITAS 
SGPICE | SGPICE-SOCIEDADE DE SERVIȏS DE GESTď DE PORTAIS NA INTERNET E DE CONSULTORIA DE EMPRESAS SA
SIBS | SIBS PROCESSOS - SERVICOS INTERBANCARIOS DE PROCESSAMENTOS SA
SGS | SGS PORTUGAL-SOC.G.SUPERINTEN., LDA
SIKA | SIKA PORTUGAL- PRODUTOS CONSTRUȁO E INDUSTRIA SA
SIRAVOC | SIRAVOC
SMASSINTRA | SERVIȏS MUNICIPALIZADOS DE UA E SANEAMENTO DE SINTRA
SNACIONAL | SN SEIXAL - SIDERURGIA NACIONAL SA
SOGEVINUS | SOGEVINUS FINE WINES SA
SOGRAPE;SOGRAPE;"SOGRAPE VINHOS, AS; SANDEMAN & COMPANHIA AS"
SOJORMEDIA | SOJORMEDIA - COMUNICACAO SOCIAL SA
SOLVERDE | SOLVERDE SOC INV TURIST COSTA VERDE SA
SONICEL | B.F.-GESTAO DE EMPRESAS, S.A.
SOPRATTUTTO  | SOPRATTUTTO CAFɠ
SORTICO;NUTASA;SORTICO-SOC.INFORMAT.CONTAB.SERVICOS, SA
SOUSALIMA;SOUSA LIMA;
SOVENA | SOVENA-COM.IND.PROD.ALIMENTARES, SA
SPORTINVESTE | SPORTINVESTE MULTIMʄIA S.A.
STET | STET-SOC.TECNICA EQUIP.
TECHNOEDIF | 
TECNIMEDE | TECNIMEDE-SOC.TECNICO-MEDICINAL, LDA
TELEPIZZA | TELEPIZZA PORTUGAL, SA
TEMPUS | TEMPUS DISTRIBUIȃO SOCIEDADE COMERCIAL RELOJOARIA SA
TENSAI | FIRMOFRIO INDUSTRIA COMERCIO FRIO SA
THYSSENKRUPP | THYSSENKRUPP PORTUGAL- AȏS E SERVIȏS, LDA
TMG | TEXTIL MANUEL GONȁLVES, SA
TMN | TMN-TELECOMUNIC.MOVEIS NACIONAIS, SA
TRANSDEV | TRANSDEV MOBILIDADE SA
TRANSNAUTICA | TRANSNAUTICA TRANSP.NAVEGACAO, SA
TORRESTIR;TORRESTIR;TORRESTIR TRANSPORTES NACIONAIS INTERNACIONAIS SA
TOYSRUS | "TOYS ""R"" US PORTUGAL"
UNITED | UNITED INVESTIMENTS E TURISTICOS SA
UNOR | "NORBOX EMBALAGENS, AS; UNOR EMBALAGENS AS"
VAA;VISTA ALEGRE;"VISTA ALEGRE ATLANTIS, S. ʻ VISTA ALEGRE-LOUCAS,VIDROS,ULIL.,LDA; CEREXPORT-CERAMICA EXPORTAȃO, AS; ATLANTIS  - CRISTAIS DE ALCOBAȁ , AS; CASA ALEGRE PORCELANAS FAIANȁS LDA"
VARANDOTEIS | VARANDOTEIS-GEST.ESTABELECIMENTOS HOTELEIROS
VARZIMSOL | VARZIM SOL - TURISMO JOGO E ANIMAȃO* | 
VAUNER | VAUNER TRADING  SA | 
VETOQUINOL | VETOQUINOL UNIPESSOAL LDA | 
VESAUTO | VESAUTO AUTOMԖEIS E REPARAȕES SA, BANIX-VEICULOS TRANSPORTE, SA | 
VGONȁLVES | VASCONCELOS & GONȁLVES LDA | 
VIGIA | VIGIA - SOCIEDADE GESTORA PARTICIPAȕES SOCIAIS | 
VILAGALE | VILA GALɠSOCIEDADE EMPREENDIMENTOS TURISTICOS SA | 
YAZAKI | YAZAKI SALTANO OVAR | 
WIPRO | WIPRO PORTUGAL SA | 
ZAGOPE | ZAGOPE* | 
ADSI | ADSI ASSOCIAȃO DESENVOLVIMENTO SOCIEDADE DE INFORMAȃO | 
AGUASAVE | AGUAS DO AVE* | 
AMB3E | AMB 3E A.P.GESTď RESI.EQUIP.ELECT. ELECTRONICOS | 
AMO | ASSOCIACAO MUNICIPIOS OESTE | 
AMPER | AMPER-CENTRAL SOLAR SA
ANADICAR | ANADICAR VEICULOS AUTOMOVEIS LDA
APAJP | APAJP-ASSOCIAȃO PORTUGUESA ADM.JUNTAS PORTUARIAS 
APTG | APTG SA ADMINISTRACAO PORTOS TERCEIRA GRACIOSA SA
ATLANTICOLINE | ATLANTICOLINE
AXAVIERLIMA | ANTԎIO XAVIER DE LIMA
BELTICO | BELTICO-EMPREENDIMENTOS TURISTICOS, SA
BENSAUDE | "(C) BENSAUDE AS; BENSAUDE, AS"
BFAUSTINO | BALBINO & FAUSTINO LDA
CACIFO | CACIFO-COMERCIO DE ARTIGOS DESPORTO LDA
CHTMAD | CENTRO HOSPITALAR TR-OS-MONTES ALTO DOURO E.P.E.
CICCOPN | CICCOPN-CENTRO FORM.PROF.IND.CONST.CIVIL NORTE
CLINICASDENTAL | CLINICAS DENTAL GROUP
COSIMPOR | COSIMPOR IMPORTAȃO E COMʒCIO AUTOMԖEL LDA
CRITICALSOFTW | CRITICAL SOFTWARE SA
DECON | ST SF SOCIEDADE PUBLICAȕES LDA
DIERRE | DIERRE IBʒICA - INDۓTRIA DE PORTAS SA
EMPILHADORESPT | EMPILHADORES DE PORTUGAL
ENERCONPOR | ENERCONPOR ENERGIAS RENOVEIS DE PORTUGAL SOCIEDADE UNIPESSOAL LDA
ERICHB | ERICH BRODHEIM, LDA
EXPOTEL | EXPOTEL-EXPLORAȃO E ADM.HOTELEIRA, LDA
EXPRESSO24;EXPRESSO 24;"EXPRESSO 24 TRANSPORTES, AS;"
EXTRUVERDE | EXTRUVERDE EXTRUSď DE  ALUMΎIO
FCP | FUTEBOL CLUBE PORTO FUTEBOL SAD
FPC | FUNDAȃO PORTUGUESA DAS COMUNICAȕES
FRAAE | "DIRECCAO REGIONAL DA CIENCIA E TECNOLOGIA; APTO-ADM DOS PORTOS TRIÎGULO E GRUPO OCIDENTAL"
GFERREIRA | GEMEOS FERREIRA SA
GLS | GENERAL LOGISTICS SYSTEMS PORTUGAL LDA
GONFIRPE | "GONFIRPE SGPS S.; MULTIAUTO SOCIEDADE SETUBALENSE AUTOMOVEIS LDA; AUTO ZARCO COMERCIO AUTOMOVEIS LDA; MIRANDA & FELGUEIRAS LDA; MULTICOMPUTER - SOLUȕES INFORMICAS LDA"
GUSTASIDE | GUSTASIDE SUCURSAL EM PORTUGAL
GOLDENAGE | MADEIRA GOLDEN AGE RESIDENCE EXPLORAȃO TURΓTICA SA
HGAIA | MS-CENTRO HOSPITALAR VILA NOVA GAIA
HPALGARVE | HOSPITAL PARTICULAR ALGARVE SA
IBEROLINHAS;IBERO LINHAS;IBERO LINHAS TRANSPORTES, LDA
IDREGIONAL | INSTITUTO DESENVOLVIMENTO REGIONAL
INSULAC | INSULAC PRODUTOS LTEOS AȏREANOS SA
INTERMARCHE | ITMI NORTE SUL PORTUGAL
LABETO | LABETO CENTRO DE ANALISES BIOQUIMICAS SA
MCUNHA | M CUNHA SA
MEMORANDUM | "MEMORANDUM*; CISION PORTUGAL*"
MENDESIRMAOS | MENDES E IRMďS, LDA
MMONTE | "MOSPAG MONTE SERVIȏS PARTILHADOS DE ADMINISTRAȃO E GESTď SA;MENDES PEIXOTO, AS; SOCIEDADE EMPREITADAS ADRIANO, AS; LARLIMA SOCIEDADE IMOBILIARIA SA"
MONJARDINO | JOSɠMONJARDINO, S.A.
NASAMOTOR | NASAMOTOR VEICULOS E PEȁS SA
NICOS | NICOS - PERICOFRAGENS
PARMALAT | PARMALAT PORTUGAL-PRODUTOS ALIMENTARES LDA
PETROCOOP | PETROCOOP-COOP.C.TRAB.C.PETROQUIMICO, CRL
POLITERMICA | POLITERMICA INDۓTRIAS TʒMICAS, LDA
PORSEG | PORSEG SISTEMAS DE SEGURANCA SA
PROCONFAR | "PROCONFAR-PRODUTOS FARMACEUTICOS,LDA; PRONCONFAR"
PS | PARTIDO SOCIALISTA
QDATA | QDATA, RECOLHA TRAT.DADOS UNIPESSOAL LDA
QVISTAS | HIPOLITO FRANCO & ANTONIO NOBREGA SA
SATA | SATA-SERV.ACOREANO TRANSP. AEREOS EP
SACOOR;SACOOR;
SALSA | SLS SALSA-COMERCIO E DIFUSAO DE VESTUARIO SA
SHAMIR | SHAMIR PORTUGAL LDA
SHOTELAREZ | SOCIEDADE HOTELEIRA DO AREZ S. A.
SMASVISEU | SERVICOS MUNICIPALIZADOS VISEU
SNQTBANC | SINDICATO NAC. QUADROS T. BANCARIOS
SOMINCOR | SOMINCOR-SOC.MINEIRA NEVES CORVO SA
SPIRAX | SPIRAX SARCO-EQUIP.INDUSTRIAIS, LDA
SWEDWOOD | SWEDWOOD PORTUGAL INDۓTRIA DE MADEIRAS E MOBILIIO LDA
TAMET | TAMET - ELECTRONICA E COMUNICAȕES SA
UACORES | (C) UNIVERSIDADE ACORES
UMONTEIRO | UMBELINO MONTEIRO SA
VALORSUL | VALORSUL SA
VORTAL | VORTAL - COM.ELECTRԎICO CONSUL.MULTIMʄIA SA
WHITEAIR | WHITE - AIRWAYS S.A.
WHITELIFE | WHITE- LIFE LDA
RAGRA | "SERVICO REGIONAL PROTECCAO CIVIL E BOMBEIROS DOS ACORES |  DIRECCAO REGIONAL DA CULTURA |  SECRETARIA REGIONAL DA EDUCACAO E FORMA?O | RIAC I.P. (RAGRA)"
EMGFA | MDN-ESTADO MAIOR GENERAL FORCAS ARMADAS
CHS | CENTRO HOSPITALAR DE SETۂAL E.P.E
HCVP | CVP-SOCIEDADE GESTď HOSPITALAR, S.A.
SRSMADEIRA | SERVICO REGIONAL SAUDE E.P.E.
VETOQUINOL | VETOQUINOL UNIPESSOAL LDA
ALAMPREIA | ANTԎIO LAMPREIA LANȁ LDA [NOTA: APARECE A VERMELHO NO FICHEIRO DO RGE]
TNL | TNL - SOCIEDADE DE EQUIP SISTEMAS AMBIENTAIS LDA
TURILIMA | TURILIMA EMPREENDIMENTOS TURISTICOS VALE LIMA S.A.